{ "cities": [{"name":"Frankfurth","x":6.3397034488228465,"y":7.639006168714092,"z":-1.0634527074703706},{"name":"Mallorca","x":7.655185692193467,"y":6.3840620876612615,"z":-0.3913825124885062}]}