{ "cities": [{"name":"London","x":6.165065876360639,"y":7.858229024252678,"z":0.062046919470063244},{"name":"Madrid","x":7.574678226403708,"y":6.479329893517027,"z":0.332105863488926},{"name":"Berlin","x":5.894208562961181,"y":7.959436995589876,"z":-1.2582444869688416},{"name":"Rom","x":7.270095736894211,"y":6.536458867719665,"z":-1.9366469561061033}]}